normalized_street_name,Vol
1-1 avenue,221.77408354646207
1-10 avenue,70.39300411522633
1-11 avenue,152.7365107913669
1-12 avenue,662.8477564102565
1-145 street bridge,191.388720666162
1-2 avenue,375.17910447761193
1-3 avenue,183.48497854077254
1-5 avenue,255.8827106863597
1-6 avenue,371.21085164835165
1-7 avenue,379.59455128205127
1-79 street transverse,141.03846153846155
1-8 avenue,433.9120879120879
1-9 avenue,65.90198511166253
1-97 street transverse,177.77692307692308
1-adam c powell boulevard,90.19975186104219
1-alexander hamilton bridge,871.9080370942813
1-allen street,80.67307692307692
1-amsterdam avenue,117.21785714285714
1-audubon avenue,23.990384615384617
1-avenue b,13.201923076923077
1-broadway,146.21442125237192
1-broadway bridge,199.49439102564102
1-brooklyn bridge,737.8325581395349
1-c p 7 avenue approach,28.21153846153846
1-canal street,173.62998405103667
1-cbe sb entrance washington brdg,106.56190476190476
1-central park north,43.99862637362637
1-central park south,115.08843537414965
1-central park west,124.148244473342
1-centre street,157.74193548387098
1-chatham square,106.21153846153847
1-chrystie street,128.82780410742495
1-clinton street,131.01442307692307
1-columbia street,40.644444444444446
1-columbus avenue,224.46814159292035
1-cpw 72 approach,10.645833333333334
1-cross bronx expwy nb et 1 b,111.94791666666667
1-delancey street,249.33093525179856
1-desbrosses street,21.233333333333334
1-dyckman street,79.59935897435898
1-east 116 street,64.27136752136752
1-east 125 street,31.11111111111111
1-east 14 street,13.961538461538462
1-east 16 street,33.5
1-east 23 street,121.07692307692308
1-east 25 street,19.81081081081081
1-east 34 street,129.54326923076923
1-east 36 street,140.90384615384616
1-east 49 street,140.27403846153845
1-east 50 street,81.85576923076923
1-east 57 street,124.0
1-east 58 street,92.41153846153846
1-east 59 street,109.5576923076923
1-east 60 street,162.69230769230768
1-east 72 street,41.532051282051285
1-east 96 street,212.82051282051282
1-east broadway,87.49038461538461
1-east houston street,183.16369455875628
1-ed koch queensboro bridge,168.29072398190044
1-ed koch queensboro bridge appr,437.9102564102564
1-ed koch queensboro bridge exit,385.53846153846155
1-edgecombe avenue,52.55769230769231
1-f d r drive,795.0692307692308
1-fdr drive exit 7 northbound,7.323717948717949
1-frederick douglass boulevard,60.964285714285715
1-greenwich street,6.111111111111111
1-henry hudson parkway,863.9313186813187
1-henry hudson parkway exit nb,143.88736263736263
1-hudson street,160.44174757281553
1-lafayette street,85.94505494505495
1-lexington avenue,189.0907944514502
1-liberty street,49.857142857142854
1-macombs dam bridge,249.21550255536627
1-madison avenue,201.31725888324874
1-madison avenue bridge,265.8771773112997
1-madison street,66.56346153846154
1-manhattan avenue,12.336538461538462
1-manhattan bridge,270.4058209774849
1-morningside avenue,51.21153846153846
1-morningside drive,22.653846153846153
1-park avenue,230.40861344537817
1-park row,18.283653846153847
1-pearl street,132.44230769230768
1-pike street,80.10576923076923
1-pitt street,45.104395604395606
1-pleasant avenue,39.49759615384615
1-riverside drive west,283.5
1-roosevelt is bridge,71.13568521031208
1-south street,46.57177177177177
1-spring street,90.43137254901961
1-street james place,87.65865384615384
1-sutton place,81.96153846153847
1-terrace drive,8.318787878787878
1-university heights bridge,233.67356377799416
1-wadsworth avenue,39.89390243902439
1-water street,134.0
1-west 112 street,23.384615384615383
1-west 121 street,16.884615384615383
1-west 125 street,116.94354838709677
1-west 143 street,19.623076923076923
1-west 145 street,125.01923076923077
1-west 155 street,178.89529914529913
1-west 156 street,19.724358974358974
1-west 165 street,102.95146818923328
1-west 167 street,12.164835164835164
1-west 176 street,37.074175824175825
1-west 177 street,35.93131868131868
1-west 178 street,224.31632653061226
1-west 179 street,77.34020618556701
1-west 181 street,60.86538461538461
1-west 182 street,33.421875
1-west 207 street,0.9041666666666667
1-west 212 street,8.48076923076923
1-west 219 street,7.065384615384615
1-west 220 street,23.453846153846154
1-west 225 street,63.61662198391421
1-west 26 street,93.48717948717949
1-west 29 street,85.76923076923077
1-west 34 street,285.7307692307692
1-west 35 street,65.96994535519126
1-west 37 street,71.85964912280701
1-west 42 street,110.92994505494505
1-west 53 street,93.70726495726495
1-west 57 street,148.4875
1-west 58 street,129.0
1-west 59 street,34.33894230769231
1-west 62 street,64.5
1-west 65 street,58.175
1-west 72 street,85.25
1-west 96 street,112.67307692307692
1-west end avenue,112.4466221851543
1-west street,417.2307692307692
1-williamsburg br approach,513.6241258741259
1-williamsburg bridge,582.4903846153846
1-willis avenue bridge,406.5041916167665
1-worth street,77.53846153846153
1-york avenue,149.85367545076284
2-145 street bridge approach,215.54807692307693
2-3 avenue,137.65625
2-3 avenue bridge,266.4380324264908
2-adams place,22.342995169082126
2-allerton avenue,96.07518796992481
2-anderson avenue,54.65365853658537
2-barretto street,62.089622641509436
2-bartow avenue,135.0130260521042
2-bedford park boulevard,62.24786324786325
2-boston road,155.18346007604563
2-broadway,101.82371794871794
2-bronx river avenue,117.28846153846153
2-bronx river parkway,700.4414029084688
2-bronx river shoreline,423.45454545454544
2-bronxdale avenue,92.71111111111111
2-bronxwood avenue,19.858156028368793
2-brook avenue,37.43814432989691
2-bruckner boulevard,177.1870709382151
2-burke avenue,45.30769230769231
2-city is bridge,121.15879534565366
2-clay avenue,36.49862637362637
2-concord avenue,9.526098901098901
2-concourse line,6.166666666666667
2-courtlandt avenue,48.6510989010989
2-cross bronx ep sb en jerome avenue,194.91758241758242
2-cross bronx expressway,889.9375
2-cross bronx expressway sr north,7.4653846153846155
2-cross bronx expwy et 2 a wb,84.77458033573141
2-cross bx svc road north,119.66283524904215
2-depot place,57.41540785498489
2-east 134 street,11.805944055944057
2-east 135 street,235.4278846153846
2-east 138 street,72.0709219858156
2-east 140 street,38.02197802197802
2-east 141 street,31.771978021978022
2-east 142 street,29.610576923076923
2-east 149 street,106.14102564102564
2-east 156 street,88.18181818181819
2-east 161 street,27.164383561643834
2-east 163 street,124.37315010570825
2-east 165 street,47.41346153846154
2-east 168 street,103.86328125
2-east 169 street,77.06837606837607
2-east 170 street,94.46153846153847
2-east 174 street bridge,120.18431087706556
2-east 175 street,29.126373626373628
2-east 179 street,4.8489010989010985
2-east 180 street,69.37087912087912
2-east 187 street,9.009615384615385
2-east 220 street,24.085164835164836
2-east 224 street,21.333333333333332
2-east 234 street,16.0625
2-east 235 street,17.971698113207548
2-east 236 street,15.5
2-east fordham road,246.10737812911725
2-east gun hill road,153.04632867132867
2-east tremont avenue,140.93413654618473
2-eastchester bridge,194.0374531835206
2-eastchester road,90.29807692307692
2-eastern boulevard bridge,1078.725806451613
2-edgewater road,113.63157894736842
2-edison avenue,8.0
2-elton avenue,94.80203045685279
2-exterior street,38.61538461538461
2-food center drive,22.343163538873995
2-gerard avenue,62.245726495726494
2-givan avenue,14.784810126582279
2-grand concourse,38.293956043956044
2-halleck street,32.92702702702703
2-hunts point avenue,63.27706323687031
2-hutchinson river parkway,470.75
2-jackson avenue,26.54945054945055
2-jerome avenue,68.67307692307692
2-kappock street,66.0204081632653
2-lafayette avenue,52.54229508196721
2-lincoln avenue,38.35302197802198
2-locust avenue,4.309065934065934
2-longwood avenue,81.09081196581197
2-macombs dam bridge,332.3540903540904
2-macombs road,71.99038461538461
2-madison avenue br approach,333.78846153846155
2-major deegan expressway,671.0844475721323
2-major deegan expressway sr,89.6889848812095
2-major deegan expwy et 3 nb,92.8076923076923
2-major deegan expwy et 3 sb,283.5769230769231
2-manhattan college parkway,10.689102564102564
2-manor avenue,29.930232558139537
2-marconi street,94.6923076923077
2-morris park avenue,96.6579254079254
2-new england thruway,797.8097768331562
2-olinville avenue,19.150641025641026
2-olmstead avenue,38.529411764705884
2-park avenue,39.32051282051282
2-parker street,21.23076923076923
2-pelham bridge,155.44744399770246
2-pelham parkway,278.61311053984576
2-pelham parkway south,55.84134615384615
2-prospect avenue,78.05
2-pugsley avenue,16.414285714285715
2-randall avenue,32.46978021978022
2-revere avenue,9.088669950738916
2-rhinelander avenue,33.27751196172249
2-river avenue,64.79807692307692
2-riverdale avenue,47.0
2-rombouts avenue,29.16
2-rosedale avenue,162.03076923076924
2-sedgwick avenue,51.8274374460742
2-sheridan expressway,192.3846153846154
2-soundview avenue,65.14972527472527
2-southern boulevard,53.92084942084942
2-spofford avenue,32.177350427350426
2-stillwell avenue,47.902472527472526
2-story avenue,33.39869281045752
2-tomlinson avenue,28.721153846153847
2-union port bridge,224.5
2-unionport road,23.31578947368421
2-university avenue,68.36538461538461
2-valentine avenue,55.82692307692308
2-van cortlandt avenue east,54.916666666666664
2-van cortlandt park east,52.43827160493827
2-vyse avenue,42.43681318681319
2-walton avenue,328.09090909090907
2-washington avenue,72.02197802197803
2-washington br en cross bx expwy,153.595
2-waters place,137.30769230769232
2-webster avenue,87.60960334029228
2-west 167 street,26.903125
2-west 180 street,10.701923076923077
2-west 230 street,145.47802197802199
2-west burnside avenue,70.76098901098901
2-west farms road,42.43269230769231
2-west fordham road,206.5
2-west tremont avenue,60.096774193548384
2-westchester avenue,52.814696485623
2-westchester avenue bridge,169.9377413127413
2-white plains road,78.0781377177275
3-1 avenue,28.576146788990826
3-11 avenue,144.61264822134387
3-14 avenue,91.14349775784753
3-17 avenue,206.6590909090909
3-18 street,11.817307692307692
3-19 avenue,111.0909090909091
3-19 street,46.502164502164504
3-20 avenue,14.62
3-20 street,91.67115384615384
3-26 avenue,59.09803921568628
3-3 avenue,135.8714005235602
3-3 street bridge,78.42775881683731
3-39 street,50.71153846153846
3-4 avenue,156.96703296703296
3-4 avenue line,91.8076923076923
3-43 street,19.334615384615386
3-5 avenue,60.71043771043771
3-58 street,20.43076923076923
3-64 street,112.38372093023256
3-65 street,64.69871794871794
3-7 avenue,20.0
3-86 street,46.11088709677419
3-9 avenue,37.0
3-9 street,65.30307692307693
3-9 street bridge,61.277992277992276
3-adams street,199.4010989010989
3-anthony street,2.7948717948717947
3-argyle road,21.73076923076923
3-ashford street,35.94551282051282
3-atlantic avenue,212.86779324055667
3-avenue b,98.5
3-avenue d,50.791666666666664
3-avenue f,16.0
3-avenue i,70.62362637362638
3-avenue j,40.84436274509804
3-avenue k,79.0
3-avenue l,73.20091324200914
3-avenue m,49.25907258064516
3-avenue o,37.61089494163424
3-avenue p,125.74450549450549
3-avenue r,58.833333333333336
3-avenue t,37.88297872340426
3-avenue u,126.55465587044534
3-avenue v,16.462237762237763
3-avenue west,53.36904761904762
3-avenue x,37.13607990012484
3-bay 29 street,16.866336633663366
3-bay parkway,186.22766097240472
3-bay ridge avenue,14.245098039215685
3-bay street,40.2275641025641
3-bedford avenue,43.35576923076923
3-belmont avenue,19.098684210526315
3-belt parkway,842.4013911620294
3-belt parkway eb en cropsey avenue sb,130.22483940042827
3-belt parkway eb en pennsylvania avenue,136.9903846153846
3-belt parkway eb en ridge boulevard,183.59615384615384
3-belt parkway exit 14 eastbound,97.82211538461539
3-belt parkway wb en 4 avenue,30.13034188034188
3-belt parkway wb en flatbush avenue nb,87.45192307692308
3-bergen street,61.09243697478992
3-beverly road,69.69773299748111
3-blake avenue,174.6590909090909
3-bleecker street,13.19869706840391
3-bqe eastbound entrance sands street,199.34615384615384
3-bqe eb en williamsburg street east,239.98076923076923
3-bqe wb entrance metropolitan avenue,172.42222222222222
3-bqe wb entrance old fulton street,347.5576923076923
3-bqe westbound entrance sands street,150.53365384615384
3-brighton beach avenue,73.36752136752136
3-broadway,57.22641509433962
3-brooklyn avenue,82.66208791208791
3-brooklyn queens ep et 29 a eb,2.312937062937063
3-brooklyn queens ep et 32 b wb,159.1030303030303
3-brooklyn queens expressway,772.5882642998027
3-brooklyn queens expwy et 33 eb,96.36057692307692
3-brooklyn queens expwy et 34 wb,213.3028846153846
3-buckingham road,18.059171597633135
3-bushwick avenue,110.54945054945055
3-cadman plaza west,84.67307692307692
3-caton avenue,129.83484162895928
3-chestnut street,26.923076923076923
3-church avenue,66.55936454849498
3-classon avenue,105.66666666666667
3-columbia street,72.7
3-coney island avenue,59.64655172413793
3-connector,5.2905982905982905
3-conway street,12.770142180094787
3-cooper street,57.84653465346535
3-cornelia street,29.94101694915254
3-cortelyou road,69.92841880341881
3-court street,131.289156626506
3-crooke avenue,87.4090909090909
3-cropsey avenue,181.40384615384616
3-cropsey avenue bridge,223.55054613060656
3-dahill road,35.94
3-dahlgren place,153.86451612903227
3-dean street,53.201550387596896
3-decatur street,42.80437756497948
3-dekalb avenue,61.19442433019551
3-delevan street,19.146153846153847
3-diamond street,14.333333333333334
3-division avenue,50.60576923076923
3-dorchester road,74.43775100401606
3-douglass street,15.85576923076923
3-driggs avenue,60.52549019607843
3-east 102 street,31.445054945054945
3-east 103 street,25.466346153846153
3-east 105 street,39.598765432098766
3-east 2 street,19.5609756097561
3-east 24 street,13.285714285714286
3-east 28 street,18.20673076923077
3-east 32 street,13.336538461538462
3-east 51 street,14.412087912087912
3-east 52 street,28.173076923076923
3-east 59 street,11.898550724637682
3-east 7 street,35.66101694915254
3-east 9 street,13.572115384615385
3-east 92 street,39.89423076923077
3-east 93 street,11.4
3-east 94 street,19.724137931034484
3-east drive,16.198501872659175
3-east lake drive,1.3423799582463465
3-eastern parkway,25.74386339381003
3-emmons avenue,147.46601941747574
3-empire boulevard,119.19883040935673
3-evergreen avenue,102.0
3-farragut road,62.357314148681056
3-flatbush avenue,215.67308166790033
3-flatlands avenue,91.7
3-flushing avenue,100.82448036951502
3-forbell street,34.270531400966185
3-fort hamilton parkway,157.875
3-foster avenue,67.4010989010989
3-fountain avenue,76.77884615384616
3-franklin street,68.76497695852535
3-freeman street,24.976190476190474
3-fulton street,62.959030100334445
3-furman street,53.15384615384615
3-georgia avenue,40.22857142857143
3-glenwood road,39.10042735042735
3-gowanus ep wb en fort hamilton py,230.73076923076923
3-gowanus ep wb en hugh carey tnnl,378.6923076923077
3-gowanus expressway,867.526923076923
3-gowanus expressway exit 16 eb,501.0
3-gowanus expressway exit 24 wb,183.9145299145299
3-gowanus expwy wb en hamilton avenue,68.38216560509554
3-grand avenue,69.35830618892508
3-grand street,59.13873626373626
3-grand street bridge,74.41573033707866
3-greene avenue,23.620092378752886
3-greenpoint avenue,149.1179487179487
3-halsey street,36.77777777777778
3-hamilton avenue,248.79250720461096
3-hamilton avenue bridge,629.6365663322185
3-hancock street,51.56490384615385
3-harman street,30.502512562814072
3-hicks street,41.54545454545455
3-homecrest avenue,7.735576923076923
3-howard avenue,72.36541889483065
3-humboldt street,77.6
3-irving avenue,52.263565891472865
3-jackie robinson parkway,524.9172185430464
3-jamaica avenue,147.30769230769232
3-jay street,51.48076923076923
3-jefferson avenue,37.35576923076923
3-jj byrne memorial bridge,157.8083441981747
3-johnson avenue,61.92323651452282
3-kent street,13.822115384615385
3-kings highway,62.015916575192094
3-kingston avenue,73.63873626373626
3-knickerbocker avenue,57.77479892761394
3-kosciuszko bridge,1149.4423076923076
3-lafayette avenue,61.42307692307692
3-lincoln road,126.97727272727273
3-linden boulevard,112.44839800354211
3-linden street,41.64054848188051
3-livingston street,52.98076923076923
3-livonia avenue,20.853582554517136
3-lorimer street,36.050824175824175
3-loring avenue,53.57932692307692
3-lorraine street,9.896153846153846
3-mac dougal street,23.975124378109452
3-mackenzie street,12.75
3-malcolm x boulevard,46.365642994241846
3-manhattan avenue,46.55769230769231
3-marcy avenue,122.79258241758242
3-marion street,22.953488372093023
3-mc donald avenue,54.1664201183432
3-mc guinness boulevard,213.58184764991896
3-mc guinness boulevard south,155.26923076923077
3-meeker avenue,118.24568965517241
3-metropolitan avenue,110.15915119363395
3-metropolitan avenue bridge,208.23435843054082
3-mill basin bridge,933.7692307692307
3-monitor street,27.931318681318682
3-montgomery street,23.061191626409016
3-morgan avenue,53.18859649122807
3-myrtle avenue,69.79665071770334
3-nassau avenue,76.04288499025341
3-neptune avenue,115.17074644907827
3-nevins street,100.95054945054945
3-new utrecht avenue,50.21153846153846
3-new york avenue,92.15
3-newel street,16.52980132450331
3-north 14 street,28.384615384615383
3-north conduit avenue,256.1730769230769
3-nostrand avenue,144.6517094017094
3-ocean avenue,118.5264423076923
3-ocean parkway,104.40141271442987
3-ocean view avenue,67.21014492753623
3-old fulton street,75.01923076923077
3-pacific street,39.14779874213836
3-parkside avenue,178.27945205479452
3-pennsylvania avenue,93.78983516483517
3-pitkin avenue,85.5
3-president street,4.0
3-prospect avenue,179.88291139240508
3-prospect expressway,525.803448275862
3-prospect park southwest,69.01538461538462
3-prospect street,8.096153846153847
3-provost street,65.96153846153847
3-pulaski bridge,208.33164983164983
3-ralph avenue,142.47596153846155
3-remsen avenue,120.5576923076923
3-richardson street,4.78021978021978
3-ridge boulevard,42.666666666666664
3-rochester avenue,63.161764705882355
3-rodney street,61.36217948717949
3-rugby road,30.21153846153846
3-russell street,37.78021978021978
3-ryder street,27.824074074074073
3-saratoga avenue,103.26139817629179
3-schermerhorn street,58.892857142857146
3-schroeders avenue,19.666666666666668
3-scott avenue,10.75301204819277
3-seaview avenue,23.361538461538462
3-seeley street,26.95754716981132
3-senator street,19.88653846153846
3-shell road,126.16029411764706
3-shore boulevard,54.6
3-shore parkway,116.35576923076923
3-smith street,73.9423076923077
3-south 9 street,43.370879120879124
3-stanhope street,26.285106382978725
3-stanley avenue,37.142857142857146
3-state street,40.379120879120876
3-stillwell avenue,72.21428571428571
3-stillwell avenue bridge,60.23076923076923
3-surf avenue,78.60791366906474
3-sutter avenue,76.64480347238968
3-terrace place,22.0
3-thames street,11.264705882352942
3-throop avenue,85.48461538461538
3-tillary street,186.38553113553112
3-tompkins avenue,105.91623036649214
3-underhill avenue,11.875
3-union avenue,109.42307692307692
3-union street bridge,52.66590909090909
3-van buren street,21.5625
3-van siclen avenue,49.52005347593583
3-wakeman place,25.27747252747253
3-washington avenue,99.92434662998625
3-west 1 street,29.41826923076923
3-west drive,11.107142857142858
4-103 avenue,130.03636363636363
4-105 street,16.67391304347826
4-107 avenue,52.17420435510888
4-108 street,72.04833836858006
4-109 avenue,24.56662087912088
4-11 street,88.39882943143813
4-111 avenue,40.5156507413509
4-111 street,68.32076446280992
4-116 avenue,16.428571428571427
4-126 street,9.596590909090908
4-130 street,35.64418604651163
4-131 street,5.833333333333333
4-14 avenue,121.73282442748092
4-149 place,144.1818181818182
4-149 street,42.232142857142854
4-150 street,192.55769230769232
4-155 street,31.557692307692307
4-160 street,34.69913151364764
4-161 avenue,3.0
4-168 street,43.45398773006135
4-169 street,22.211981566820278
4-171 street,16.876373626373628
4-184 street,23.906902086677366
4-188 street,125.47165775401069
4-189 street,3.911392405063291
4-19 avenue,19.399532710280372
4-193 street,6.389473684210526
4-21 street,90.19711538461539
4-218 place,9.031971580817052
4-221 street,54.92609699769053
4-223 street,44.177595628415304
4-23 avenue,51.94144144144144
4-29 street,36.45
4-3 avenue,12.934027777777779
4-30 avenue,18.89295039164491
4-31 avenue,27.512820512820515
4-32 avenue,65.60098522167488
4-33 street,125.19038461538462
4-34 avenue,40.227969348659
4-37 avenue,45.79120879120879
4-39 avenue,12.071111111111112
4-43 avenue,57.166666666666664
4-44 avenue,18.727272727272727
4-45 avenue,55.755485893416925
4-46 avenue,22.573317307692307
4-46 street,16.01923076923077
4-47 avenue,11.291321171918186
4-47 road,19.650379106992418
4-47 street,24.666666666666668
4-48 avenue,19.66301703163017
4-48 street,112.51785714285714
4-49 avenue,68.88324873096447
4-50 avenue,16.0
4-51 street,78.96978021978022
4-54 avenue,133.91654465592973
4-55 avenue,12.0
4-56 street,28.36813186813187
4-58 road,4.4
4-58 street,100.8119658119658
4-59 avenue,20.425824175824175
4-63 street,43.15555555555556
4-65 place,56.11813186813187
4-66 avenue,18.25
4-67 avenue,37.38461538461539
4-68 street,18.21794871794872
4-69 avenue,20.321678321678323
4-69 lane,9.310185185185185
4-69 road,174.6520979020979
4-69 street,111.87709497206704
4-72 street,12.923444976076555
4-73 place,33.89529914529915
4-75 avenue,71.33333333333333
4-76 street,65.21153846153847
4-77 road,23.873397435897434
4-78 street,44.0
4-80 street,35.75961538461539
4-86 avenue,20.5989010989011
4-91 avenue,57.8
4-93 avenue,54.2
4-94 street,192.39742489270387
4-96 street,84.87179487179488
4-alderton street,32.5
4-archer avenue,170.0
4-astoria boulevard,171.3648816936488
4-astoria boulevard north,459.50274725274727
4-astoria boulevard south,336.989010989011
4-atlantic avenue,154.78460620525058
4-austin street,35.123931623931625
4-baisley boulevard,27.5
4-bayside avenue,27.4
4-beach 20 street,58.08250620347395
4-beach 22 street,33.40384615384615
4-beach 29 street,7.347527472527473
4-beach 37 street,20.01201923076923
4-beach 38 street,8.942307692307692
4-beach 41 street,3.4038461538461537
4-beach 9 street,35.0
4-beach 94 street,5.789685197588748
4-beach 95 street,5.577935222672065
4-beach channel drive,140.81502636203865
4-belt parkway,1141.4926035502958
4-belt parkway exit 21 westbound,58.89010989010989
4-belt parkway exit 25 a nb,666.0242557883131
4-belt parkway exit 25 b nb,562.4615384615385
4-belt parkway sb entrance 181 street,102.96428571428571
4-berrian boulevard,6.145161290322581
4-beverly road,7.384615384615385
4-borden avenue,310.95348837209303
4-borden avenue bridge,88.20904436860069
4-braddock avenue,85.25
4-broadway,73.57799145299145
4-brooklyn queens expressway,798.3942307692307
4-brooklyn queens expwy et 41 wb,45.79807692307692
4-caffrey avenue,13.527093596059114
4-central avenue,96.16715055993363
4-cip nb en southern state parkway,910.6813186813187
4-cody avenue,8.008241758241759
4-college point boulevard,167.95770804911322
4-connector,15.64423076923077
4-cooper avenue,90.21088082901555
4-crescent street,112.30576923076923
4-cross bay boulevard,158.00790166812993
4-cross bay parkway,40.0
4-cross isl py nb en northern bl,76.10714285714286
4-cross island parkway et 25 a sb,554.8851174934725
4-cross island parkway sr north,160.8
4-cross island parkway sr south,63.638888888888886
4-de kalb avenue,34.31184775936157
4-ditmars boulevard,220.34222222222223
4-dunkirk street,50.2
4-eliot avenue,82.15076923076923
4-fairview avenue,43.63507109004739
4-farmers boulevard,66.67032967032966
4-fleet street,38.0
4-flushing avenue,23.742279020234292
4-flushing bridge,353.9088319088319
4-forest park drive,107.85576923076923
4-franklin avenue,23.0
4-fresh meadow lane,14.476650563607086
4-fresh pond road,73.5923076923077
4-grand avenue,76.96367521367522
4-grand central parkway,1264.082262210797
4-grand central parkway et 45 wb,397.9730769230769
4-grand central parkway et 5 wb,372.4975450081833
4-grand central parkway sr south,81.42857142857143
4-grand central parkway wb en 94 street,229.8372093023256
4-grand street bridge,70.48783185840708
4-guy r brewer boulevard,108.16483516483517
4-hartland avenue,3.004120879120879
4-hempstead avenue,302.78180619644036
4-hillside avenue,232.53689167974883
4-himrod street,41.95260663507109
4-hollis avenue,50.560673162090346
4-hollis court boulevard,61.58860759493671
4-hook creek bridge,465.6680537772087
4-horace harding expressway sr north,105.64504504504505
4-horace harding expressway sr south,126.39209225700165
4-hoyt avenue north,305.32239382239385
4-hunters point bridge,11.77262443438914
4-jackie robinson parkway,426.19539170506914
4-jackson avenue,151.4223194748359
4-jamaica avenue,133.81593406593407
4-jericho turnpike,198.50052029136316
4-jj byrne memorial bridge,165.72282608695653
4-junction boulevard,67.888
4-juniper boulevard south,57.48201438848921
4-kew forest lane,17.21153846153846
4-kissena boulevard,78.72184065934066
4-kosciuszko bridge,1168.4975961538462
4-la guardia arpt entrance,155.4943538268507
4-liberty avenue,138.78512151748666
4-linden boulevard,143.12914834066373
4-long island expressway,549.2252316464718
4-long island expwy et 19 wb,211.06410256410257
4-main avenue,24.027415143603132
4-main street,101.46739130434783
4-marathon parkway,60.84905660377358
4-maurice avenue,101.49358974358974
4-merrick boulevard,169.75120076849183
4-metropolitan avenue,194.02884615384616
4-myrtle avenue,72.20514761544284
4-north channel bridge,185.26427469135803
4-north conduit avenue,334.8131868131868
4-northern boulevard,213.72181938035595
4-park drive east,73.3385989010989
4-park lane,70.15384615384616
4-park lane south,96.08068459657702
4-parsons boulevard,68.66071428571429
4-pitkin avenue,35.84905660377358
4-pulaski bridge,214.65588521400778
4-queens boulevard,216.3572953736655
4-queens midtown expressway bridge,424.89406779661016
4-review avenue,89.93509615384616
4-rikers island bridge,60.265694076038905
4-rockaway beach boulevard,75.05992366412214
4-rockaway boulevard,278.9393459915612
4-rockaway freeway,20.733250620347395
4-roosevelt avenue,103.07239952718676
4-roosevelt avenue bridge,114.48214821482148
4-rust street,148.83333333333334
4-seagirt boulevard,151.8836865450961
4-shore front parkway,60.285714285714285
4-skillman avenue,78.51923076923077
4-sound street,142.36813186813185
4-south conduit avenue,543.0989010989011
4-steinway street,22.142857142857142
4-sunrise highway,449.99477806788514
4-sutter avenue,94.91868460388639
4-thomson avenue,218.96703296703296
4-thornhill avenue,2.441666666666667
4-union hall street,33.58536585365854
4-union turnpike,131.43492747941983
4-utopia parkway,63.57954545454545
4-van dam street,121.54807692307692
4-van wyck expressway,823.375
4-van wyck expressway exit 9 nb,110.29395604395604
4-vernon boulevard,108.66666666666667
4-wexford terrace,8.5
4-whitestone expressway,1131.2830188679245
4-whitestone expressway et 14 nb,173.31043956043956
4-whitestone expressway sr east,17.62857142857143
4-whitestone expwy sb en ulmer street,211.4054794520548
4-willets point boulevard,83.26923076923077
4-wood street,34.6
4-woodhaven boulevard,282.6461538461538
4-woodside avenue,59.65934065934066
5-albee avenue,136.6590909090909
5-amboy road,109.33333333333333
5-arthur kill road,108.7906905993307
5-barlow avenue,6.25
5-bay street,154.61923076923077
5-beach avenue,23.6525974025974
5-billop avenue,166.5903846153846
5-brielle avenue,47.36363636363637
5-broadway,49.32727272727273
5-castleton avenue,38.69230769230769
5-clove road,143.93562874251498
5-delafield avenue,25.939560439560438
5-drumgoole road west,153.6346153846154
5-ferry terminal drive,25.818181818181817
5-forest avenue,150.2147435897436
5-fr capodanno boulevard,29.993589743589745
5-fresh kills bridge,388.50765014843574
5-glenwood place,24.714285714285715
5-goethals road north,72.61085972850678
5-greeley avenue,75.2871287128713
5-gulf avenue,122.31153846153846
5-guyon avenue,111.36585365853658
5-hannah street,95.0909090909091
5-huguenot avenue,116.4921875
5-hylan boulevard,250.59097633136093
5-korean war vets parkway,263.04063205417606
5-louis street,47.99038461538461
5-major avenue,12.921182266009852
5-manor road,61.49313186813187
5-martling avenue,170.64423076923077
5-meeker avenue,91.46832579185521
5-milford drive,30.399092970521544
5-moon avenue,351.6921850079745
5-morley avenue,90.92307692307692
5-new dorp lane,57.24650349650349
5-nome avenue,47.08904109589041
5-ocean terrace,22.094276094276093
5-page avenue,58.8125
5-purcell street,38.98039215686274
5-richmond avenue,291.0432692307692
5-richmond road,166.99955277280858
5-rockland avenue,125.27266483516483
5-sand lane,28.80952380952381
5-steinway avenue,31.318181818181817
5-surf avenue,75.01602564102564
5-targee street,148.94970414201183
5-tarlton street,143.2871012482663
5-tioga street,21.706043956043956
5-todt hill road,119.25824175824175
5-trantor place,56.39102564102564
5-uss iowa circle,316.1650485436893
5-van duzer street,113.29395604395604
5-vanderbilt avenue,65.60714285714286
5-victory boulevard,165.3969252271139
5-webster avenue,40.5
